<?xml version="1.0" encoding="UTF-8"?>
<!DOCTYPE ejb-jar PUBLIC
   "-//Sun Microsystems, Inc.//DTD Enterprise JavaBeans 2.0//EN"
   "http://java.sun.com/dtd/ejb-jar_2_0.dtd">

<ejb-jar>
  <display-name>SimpleConverterEJBJAR</display-name>
  <enterprise-beans>
    <session>
      <ejb-name>ConverterBean</ejb-name>
      <home>eu.ase.ejb2.ConverterHome</home>
      <remote>eu.ase.ejb2.Converter</remote>
      <ejb-class>eu.ase.ejb2.ConverterBean</ejb-class>
      <session-type>Stateless</session-type>
      <transaction-type>Bean</transaction-type>
    </session>
  </enterprise-beans>
</ejb-jar>
