<?xml version="1.0" encoding="UTF-8"?>
<application xmlns="http://java.sun.com/xml/ns/j2ee" version="1.4"
    xmlns:xsi="http://www.w3.org/2001/XMLSchema-instance" 
    xsi:schemaLocation="http://java.sun.com/xml/ns/j2ee http://java.sun.com/xml/ns/j2ee/application_1_4.xsd">
    <display-name>Converter</display-name>
    <module>
        <ejb>converter-ejb2.jar</ejb>
    </module>
    <module>
        <web>
            <web-uri>converter-web-ejb2.war</web-uri>
            <context-root>ConverterEJB2</context-root>
        </web>
    </module>
</application>
