<?xml version="1.0" encoding="UTF-8"?>
<!DOCTYPE ejb-jar PUBLIC
   "-//Sun Microsystems, Inc.//DTD Enterprise JavaBeans 2.0//EN"
   "http://java.sun.com/dtd/ejb-jar_2_0.dtd">

<ejb-jar>
  <display-name>EmployeeEJBJAR</display-name>

<enterprise-beans>
   <entity>
      <ejb-name>EmployeeBean</ejb-name>
      <home>eu.ase.ejb2.bmp.EmployeeHome</home>
      <remote>eu.ase.ejb2.bmp.Employee</remote>
      <ejb-class>eu.ase.ejb2.bmp.EmployeeBean</ejb-class>
      <persistence-type>Bean</persistence-type>
      <prim-key-class>eu.ase.ejb2.bmp.EmployeePK</prim-key-class>
      <reentrant>False</reentrant>
	<resource-ref>
		<description>Datasource for Employee DB</description>
		<res-ref-name>jdbc/employeeDB</res-ref-name>
		<res-type>javax.sql.DataSource</res-type>
		<res-auth>Container</res-auth>
	</resource-ref>
   </entity>
</enterprise-beans>

</ejb-jar>
