<!--
<!DOCTYPE jboss PUBLIC
          "-//JBoss//DTD JBOSS 4.0//EN"
          "http://www.jboss.org/j2ee/dtd/jboss_4_0.dtd">
-->
<jboss>
  <container-configurations>
		<container-configuration>
			<container-name>Standard BMP EntityBean</container-name>
			<commit-option>A</commit-option>
		</container-configuration>
  </container-configurations>
  <enterprise-beans>
    <entity>
      <ejb-name>EmployeeBean</ejb-name>
      <jndi-name>ejb/JNDIEmployeeBeanBMP</jndi-name>
      <resource-ref>
		<res-ref-name>jdbc/employeeDB</res-ref-name>
		<jndi-name>java:/DefaultDS</jndi-name>
      </resource-ref>
      <configuration-name>Standard BMP EntityBean</configuration-name>
    </entity>
  </enterprise-beans>
</jboss>
