<?xml version="1.0" encoding="UTF-8"?>
<!DOCTYPE ejb-jar PUBLIC
   "-//Sun Microsystems, Inc.//DTD Enterprise JavaBeans 2.0//EN"
   "http://java.sun.com/dtd/ejb-jar_2_0.dtd">

<!--
<ejb-jar 
     xmlns="http://java.sun.com/xml/ns/j2ee"
     xmlns:xsi="http://www.w3.org/2001/XMLSchema-instance"
     xsi:schemaLocation="http://java.sun.com/xml/ns/j2ee
                         http://java.sun.com/xml/ns/j2ee/ejb-jar_2_1.xsd"
     version="2.1">
-->

<ejb-jar>
  <display-name>SimpleConverterEJBJAR</display-name>
  <enterprise-beans>
    <session>
      <ejb-name>ConverterBean</ejb-name>
      <home>eu.ase.ejb2.ConverterHome</home>
      <remote>eu.ase.ejb2.Converter</remote>
      <ejb-class>eu.ase.ejb2.ConverterBean</ejb-class>
      <session-type>Stateless</session-type>
      <transaction-type>Bean</transaction-type>
    </session>
  </enterprise-beans>
</ejb-jar>
