<?xml version="1.0" encoding="UTF-8"?>
<!DOCTYPE ejb-jar PUBLIC
   "-//Sun Microsystems, Inc.//DTD Enterprise JavaBeans 2.0//EN"
   "http://java.sun.com/dtd/ejb-jar_2_0.dtd">

<ejb-jar>
  <display-name>HtmlReaderEJBJAR</display-name>
  <enterprise-beans>
    <session>
      <ejb-name>HtmlReaderBean</ejb-name>
      <home>eu.ase.ejb2.stateful.HTMLReaderHome</home>
      <remote>eu.ase.ejb2.stateful.HTMLReader</remote>
      <ejb-class>eu.ase.ejb2.stateful.HTMLReaderBean</ejb-class>
      <session-type>Stateful</session-type>
      <transaction-type>Container</transaction-type>
    </session>
  </enterprise-beans>
</ejb-jar>
