<!DOCTYPE jboss PUBLIC
          "-//JBoss//DTD JBOSS 4.0//EN"
          "http://www.jboss.org/j2ee/dtd/jboss_4_0.dtd">
<jboss>
    <enterprise-beans>
        <message-driven>
            <ejb-name>TestMDB</ejb-name>
            <destination-jndi-name>queue/A</destination-jndi-name>
            <resource-ref>
                <res-ref-name>jms/QCF</res-ref-name>
                <jndi-name>ConnectionFactory</jndi-name>
            </resource-ref>
        </message-driven>
    </enterprise-beans>
</jboss>
