<?xml version="1.0" encoding="UTF-8"?>
<!DOCTYPE ejb-jar PUBLIC
   "-//Sun Microsystems, Inc.//DTD Enterprise JavaBeans 2.0//EN"
   "http://java.sun.com/dtd/ejb-jar_2_0.dtd">

<ejb-jar>
  <display-name>SimpleMDB_EJBJAR</display-name>
  <enterprise-beans>
	<session>
	   <ejb-name>SesBean4MDB</ejb-name>
           <home>eu.ase.ejb2.sesmdb.PublisherHome</home>
           <remote>eu.ase.ejb2.sesmdb.Publisher</remote>
           <ejb-class>eu.ase.ejb2.sesmdb.PublisherBean</ejb-class>
           <session-type>Stateless</session-type>
           <transaction-type>Bean</transaction-type>
	</session>

        <message-driven>
            <ejb-name>MdbBeanFromSesMdb</ejb-name>
            <ejb-class>eu.ase.ejb2.sesmdb.MessageBean</ejb-class>
            <transaction-type>Container</transaction-type>
            <acknowledge-mode>AUTO_ACKNOWLEDGE</acknowledge-mode>
            <message-driven-destination>
                <destination-type>javax.jms.Topic</destination-type>
            </message-driven-destination>
            <resource-ref>
                <res-ref-name>jms/CF</res-ref-name>
                <res-type>javax.jms.ConnectionFactory</res-type>
                <res-auth>Container</res-auth>
            </resource-ref>
        </message-driven>
  </enterprise-beans>
</ejb-jar>
