<!DOCTYPE jboss PUBLIC
          "-//JBoss//DTD JBOSS 4.0//EN"
          "http://www.jboss.org/j2ee/dtd/jboss_4_0.dtd">
<jboss>
    <enterprise-beans>
	<session>
            <ejb-name>SesBean4MDB</ejb-name>
            <jndi-name>ejb/SesBean4MDB</jndi-name>
	</session>
        <message-driven>
            <ejb-name>MdbBeanFromSesMdb</ejb-name>
            <destination-jndi-name>topic/testTopic</destination-jndi-name>
            <resource-ref>
                <res-ref-name>jms/CF</res-ref-name>
                <jndi-name>ConnectionFactory</jndi-name>
            </resource-ref>
        </message-driven>
    </enterprise-beans>
</jboss>