<?xml version="1.0" encoding="UTF-8"?>
<!DOCTYPE ejb-jar PUBLIC
   "-//Sun Microsystems, Inc.//DTD Enterprise JavaBeans 2.0//EN"
   "http://java.sun.com/dtd/ejb-jar_2_0.dtd">

<ejb-jar>
  <display-name>EmployeeEJBJAR</display-name>

<enterprise-beans>
   <entity>
      <display-name>EmployeeCMPEJBJAR</display-name>
      <ejb-name>EmployeeBeanCMP</ejb-name>
      <home>eu.ase.ejb2.cmp.EmployeeHome</home>
      <remote>eu.ase.ejb2.cmp.Employee</remote>
      <ejb-class>eu.ase.ejb2.cmp.EmployeeBean</ejb-class>
      <persistence-type>Container</persistence-type>
      <prim-key-class>eu.ase.ejb2.cmp.EmployeePK</prim-key-class>
      <reentrant>False</reentrant>
      <cmp-version>2.x</cmp-version>

      <abstract-schema-name>EmployeeBeanTCMP</abstract-schema-name>
      <cmp-field><field-name>empNo</field-name></cmp-field>
      <cmp-field><field-name>empName</field-name></cmp-field>
      <cmp-field><field-name>salary</field-name></cmp-field>

	<query>
	     	<description></description>
             <query-method>
                 	<method-name>findAll</method-name>
	      	<method-params/>
             </query-method>
             <ejb-ql>Select OBJECT(e) From EmployeeBeanTCMP e</ejb-ql>
       </query>
	 <query>
	     	<description></description>
            <query-method>
                 <method-name>findByName</method-name>
                 <method-params>
                    <method-param>java.lang.String</method-param>
                 </method-params>
            </query-method>
            <ejb-ql>Select OBJECT(e) From EmployeeBeanTCMP e where e.empName = ?1</ejb-ql>
       </query>
   </entity>
</enterprise-beans>

</ejb-jar>
